Name of File,Labels
0_9.png,0
E_2.png,E
8_1.png,8
E_3.png,E
E_10.png,E
E_1.png,E
8_2.png,8
Z_4.png,Z
6_9.png,6
A_1.png,A
6_8.png,6
Z_1.png,Z
VD_1.png,VD
Z_3.png,Z
X_1.png,X
9_10.png,9
Z_2.png,Z
5_10.png,5
VA_1.png,VA
9_3.png,9
W_10.png,W
L_8.png,L
B_7.png,B
D_1.png,D
UL_1.png,UL
F_3.png,F
F_2.png,F
B_6.png,B
9_2.png,9
B_4.png,B
UL_2.png,UL
F_1.png,F
UN_1.png,UN
B_5.png,B
9_1.png,9
Y_1.png,Y
QO_1.png,QO
5_8.png,5
B_1.png,B
3_10.png,3
5_9.png,5
Y_2.png,Y
Y_10.png,Y
B_2.png,B
U_10.png,U
B_3.png,B
A_10.png,A
Y_3.png,Y
W_1.png,W
L_1.png,L
QZ_1.png,QZ
3_1.png,3
D_10.png,D
U_2.png,U
W_2.png,W
6_10.png,6
U_1.png,U
W_3.png,W
8_10.png,8
5_1.png,5
B_8.png,B
Q_1.png,Q
B_9.png,B
5_2.png,5
Q_2.png,Q
H_1.png,H
5_3.png,5
V_2.png,V
6_7.png,6
O_1.png,O
0_10.png,0
T_1.png,T
0_1.png,0
B_10.png,B
2_1.png,2
M_1.png,M
V_1.png,V
O_2.png,O
T_2.png,T
Z_10.png,Z
80_1.png,80
0_2.png,0
L_10.png,L
Z_9.png,Z
A_9.png,A
6_1.png,6
T_10.png,T
6_3.png,6
6_2.png,6
2_10.png,2
DataTrain1.png,A7814
DataTrain2.png,B1074QO
DataTrain3.png,B1031QO
DataTrain4.png,B187EDA
DataTrain5.png,B1089VD
DataTrain6.png,B1972RBP
DataTrain7.png,AB2400WU
DataTrain8.png,AB6268YQ
DataTrain9.png,A8014VA
DataTrain10.png,B1554EJA
DataTrain11.png,B1160BH
DataTrain12.png,B1032PJE
DataTrain13.png,B173PUT
DataTrain14.png,B111HSN
DataTrain15.png,B1254TFX
DataTrain16.png,B1618WYJ
DataTrain17.png,AD6850RD
DataTrain18.png,B1717UUA
DataTrain19.png,B1903RFD
DataTrain20.png,B1697ELS
DataTrain21.png,B1119ZB
DataTrain22.png,B1021KIF
DataTrain23.png,B1566FON
DataTrain24.png,B1578SJL
DataTrain25.png,B1075QO
DataTrain26.png,AB6691FU
DataTrain27.png,B1860EFT
DataTrain28.png,B1254TFX
DataTrain29.png,B1684BJN
DataTrain30.png,A1565E
DataTrain31.png,B104WSP
DataTrain32.png,B1946TKN
DataTrain33.png,B1629SJN
DataTrain34.png,B1157
DataTrain35.png,AB1727MN
DataTrain36.png,B1144ERW
DataTrain37.png,B1732PJH
DataTrain38.png,B1926WYF
DataTrain39.png,B1269EZD
DataTrain40.png,AB5571SA
DataTrain41.png,B1691TMU
DataTrain42.png,B1289QQ
DataTrain43.png,B1773UL
DataTrain44.png,AD8746OF
DataTrain45.png,A8014VA
DataTrain46.png,AB4158TE
DataTrain47.png,B1295TJD
DataTrain48.png,B1078QO
DataTrain49.png,B1898STA
DataTrain50.png,B1184TJD
DataTrain51.png,B1652UN
DataTrain52.png,B1819CKF
DataTrain53.png,B1874TLP
DataTrain54.png,AE5477RN
DataTrain55.png,B1941SRE
DataTrain56.png,AD9550BV
DataTrain57.png,A9192ZM
DataTrain58.png,B1596ELO
DataTrain59.png,A8014VA
DataTrain60.png,B1312SIM
DataTrain61.png,AA8414PB
DataTrain62.png,B1174NRQ
DataTrain63.png,AD6259QQ
DataTrain64.png,AB6677RU
DataTrain65.png,AB3650BZ
DataTrain66.png,B1074QO
DataTrain67.png,B1739TZI
DataTrain68.png,B1541SEP
DataTrain69.png,B1487VD
DataTrain70.png,B1102SIV
DataTrain71.png,B1145TIV
DataTrain72.png,B1028QO
DataTrain73.png,AE1624CA
DataTrain74.png,A9590B
DataTrain75.png,B1067SFP
DataTrain76.png,B1642SZL
DataTrain77.png,B1871TIG
DataTrain78.png,AA6290HL
DataTrain79.png,AE4996VI
DataTrain80.png,B1661TKZ
DataTrain81.png,B1634TZJ
DataTrain82.png,AB6941JE
DataTrain83.png,B1419EZE
DataTrain84.png,B1MAM
DataTrain85.png,AD9313SS
DataTrain86.png,B1019TIN
DataTrain87.png,B1020ERF
DataTrain88.png,B1016WBF
DataTrain89.png,B1036UL
DataTrain90.png,B1297POS
DataTrain91.png,B1593UN
DataTrain92.png,B1697TBB
DataTrain93.png,B1946TKN
DataTrain94.png,AA8144CF
DataTrain95.png,AB5571SA
DataTrain96.png,B129JE
DataTrain97.png,AE2593NZ
DataTrain98.png,AA8527BT
DataTrain99.png,B1326RFD
DataTrain100.png,AB2301VW
DataTrain101.png,A9590B
DataTrain102.png,A8055KJ
DataTrain103.png,B1136UZU
DataTrain104.png,B1876BKK
DataTrain105.png,AA1856CJ
DataTrain106.png,AB3767XY
DataTrain107.png,A1565DT
DataTrain108.png,AB2241VY
DataTrain109.png,B1887KRS
DataTrain110.png,B1248PC
DataTrain111.png,B1340UL
DataTrain112.png,A9583B
DataTrain113.png,B1029QH
DataTrain114.png,B1487VD
DataTrain115.png,B1236QZ
DataTrain116.png,B1668B
DataTrain117.png,B1211RKA
DataTrain118.png,B1747
DataTrain119.png,B1522EZG
DataTrain120.png,B1454EYF
DataTrain121.png,AD3864WI
DataTrain122.png,B1880ZKE
DataTrain123.png,B1806UTC
DataTrain124.png,B1305AMI
DataTrain125.png,AA7126FF
DataTrain126.png,A9388EX
DataTrain127.png,AIIS
DataTrain128.png,B1339UL
DataTrain129.png,AB2532QU
DataTrain130.png,AB6711MQ
DataTrain131.png,B1280QO
DataTrain132.png,B1045WMU
DataTrain133.png,B1630UJY
DataTrain134.png,B1218TLQ
DataTrain135.png,B1617RFP
DataTrain136.png,AA7211QO
DataTrain137.png,A7692KC
DataTrain138.png,AB2025XA
DataTrain139.png,B1221UAD
DataTrain140.png,B1937TAG
DataTrain141.png,B1495QO
DataTrain142.png,B1472PQH
DataTrain143.png,B1040UN
DataTrain144.png,B1042PJ
DataTrain145.png,B1679TJU
DataTrain146.png,B1419EZE
DataTrain147.png,B1781TJW
DataTrain148.png,B1486RFS
DataTrain149.png,B1902TOX
DataTrain150.png,B1460TIQ
DataTrain151.png,B1198TJS
DataTrain152.png,B1289QO
DataTrain153.png,B1117KVE
DataTrain154.png,B130ER
DataTrain155.png,A8014VA
DataTrain156.png,B1786BKG
DataTrain157.png,A9388EX
DataTrain158.png,B1015SJW
DataTrain159.png,B1493KIE
DataTrain160.png,B1378EM
DataTrain161.png,B1868LK
DataTrain162.png,B1669TFL
DataTrain163.png,B1753UJQ
DataTrain164.png,B1827TRK
DataTrain165.png,B1241PQO
DataTrain166.png,B1166UUA
DataTrain167.png,A7693KC
DataTrain168.png,B139RFS
DataTrain169.png,B1079ZKM
DataTrain170.png,B16TB
DataTrain171.png,B0120KXT
DataTrain172.png,AG2020WS
DataTrain173.png,B1383SS
DataTrain174.png,B1783NKV
DataTrain175.png,AA9122J
DataTrain176.png,B1895EJB
DataTrain177.png,B1321GQ
DataTrain178.png,AB2070
DataTrain179.png,B1028QO
DataTrain180.png,B1588EKZ
DataTrain181.png,B1296TJR
DataTrain182.png,AE9562NJ
DataTrain183.png,B1006UL
DataTrain184.png,B1209BOE
DataTrain185.png,B1157SSL
DataTrain186.png,B1547UIW
DataTrain187.png,B1248PC
DataTrain188.png,B1739TZI
DataTrain189.png,B116NAU
DataTrain190.png,AB6729NC
DataTrain191.png,B1245UVK
DataTrain192.png,AB2873WI
DataTrain193.png,B1813TYD
DataTrain194.png,B1063SJQ
DataTrain195.png,B1859ZEA
DataTrain196.png,B1157YO
DataTrain197.png,B1468TYU
DataTrain198.png,B1855SLD
DataTrain199.png,AA2658RN
DataTrain200.png,B1797TJS
DataTrain201.png,B1697SJO
DataTrain202.png,B1820TJV
DataTrain203.png,B1808TU
DataTrain204.png,B1245UVK
DataTrain205.png,B1184SSR
DataTrain206.png,AA4314HV
DataTrain207.png,B102HHB
DataTrain208.png,B1131EKG
DataTrain209.png,B1070QO
DataTrain210.png,AD6562RT
DataTrain211.png,B1946TKN
DataTrain212.png,AG9424UO
DataTrain213.png,B1343SKR
DataTrain214.png,B1157Y
DataTrain215.png,B1408NYW
DataTrain216.png,B1MAM
DataTrain217.png,B1899ERZ
DataTrain218.png,B1868LK
DataTrain219.png,B1574WKH
DataTrain220.png,B102HHB
DataTrain221.png,AA4280RL
DataTrain222.png,B116NAU
DataTrain223.png,B1167UM
DataTrain224.png,B1941SRE
DataTrain225.png,B1380RFJ
DataTrain226.png,AB2056IY
DataTrain227.png,B1050SJK
DataTrain228.png,B1152ZLQ
DataTrain229.png,B1641KOT
DataTrain230.png,B1352TRU
DataTrain231.png,B1897NKN
DataTrain232.png,B111HSN
DataTrain233.png,AD3340OJ
DataTrain234.png,B1330VD
DataTrain235.png,B1289QO
DataTrain236.png,AD99JR
DataTrain237.png,AD4746NW
DataTrain238.png,B1486TJJ
DataTrain239.png,B1545UJL
DataTrain240.png,B1487VD
DataTrain241.png,B1242VMC
DataTrain242.png,B1375TFG
DataTrain243.png,B1598TMZ
DataTrain244.png,B1549RFS
DataTrain245.png,B1460TIO
DataTrain246.png,A1818FS
DataTrain247.png,B1151TMO
DataTrain248.png,B1702ERJ
DataTrain249.png,AB6923UE
DataTrain250.png,B187EDA
DataTrain251.png,B1102SIV
DataTrain252.png,A9583B
DataTrain253.png,B1125VY
DataTrain254.png,AD418U
DataTrain255.png,B1309SRU
DataTrain256.png,B1265FFK
DataTrain257.png,A9585B
DataTrain258.png,A317
DataTrain259.png,AB6041DH
DataTrain260.png,A7692KC
DataTrain261.png,B1345QO
DataTrain262.png,B1772TOZ
DataTrain263.png,AA4545DJ
DataTrain264.png,B1311UVL
DataTrain265.png,B1260UL
DataTrain266.png,B1260TZT
DataTrain267.png,B1089VD
DataTrain268.png,B1505NJW
DataTrain269.png,B1781TJW
DataTrain270.png,B1040UN
DataTrain271.png,B1925KEP
DataTrain272.png,AA1248MB
DataTrain273.png,B1617QZ
DataTrain274.png,B1542TJT
DataTrain275.png,B1898STA
DataTrain276.png,B1340UL
DataTrain277.png,B1588EKZ
DataTrain278.png,B1819UL
DataTrain279.png,B0120KXT
DataTrain280.png,B1015SJW
DataTrain281.png,B1012DFM
DataTrain282.png,B1216TRD
DataTrain283.png,B1855EYB
DataTrain284.png,B1794PJG
DataTrain285.png,AB1288RE
DataTrain286.png,B1207TJW
DataTrain287.png,B1581BYB
DataTrain288.png,B1549RFS
DataTrain289.png,B1028QO
DataTrain290.png,B1135SGM
DataTrain291.png,B1765ERB
DataTrain292.png,B1203BF
DataTrain293.png,A1398BC
DataTrain294.png,B1314PVF
DataTrain295.png,B1583UN
DataTrain296.png,B1490ZFV
DataTrain297.png,B1340QO
DataTrain298.png,B116NAU
DataTrain299.png,B1598QH
DataTrain300.png,AB8644PK
DataTrain301.png,B1123UL
DataTrain302.png,AD5423AID
DataTrain303.png,B11VAN
DataTrain304.png,A8014VA
DataTrain305.png,B090VD
DataTrain306.png,B1392RFW
DataTrain307.png,AB1352TQ
DataTrain308.png,B1468TYU
DataTrain309.png,B1820UL
DataTrain310.png,AG1136LN
DataTrain311.png,B1840TJK
DataTrain312.png,B1908F
DataTrain313.png,A8014VA
DataTrain314.png,B1682PJN
DataTrain315.png,B1358VLP
DataTrain316.png,B1051SMK
DataTrain317.png,B1258PFL
DataTrain318.png,B1032PJE
DataTrain319.png,B1158FCR
DataTrain320.png,B124SAA
DataTrain321.png,B1198TJS
DataTrain322.png,B1210DFO
DataTrain323.png,A7692KC
DataTrain324.png,B1183TOL
DataTrain325.png,AG8157U
DataTrain326.png,B1032NJH
DataTrain327.png,B1254TFX
DataTrain328.png,B1451UN
DataTrain329.png,AB1280TT
DataTrain330.png,B1661TKZ
DataTrain331.png,A9590B
DataTrain332.png,B1495QO
DataTrain333.png,B1642SZL
DataTrain334.png,B1349TLR
DataTrain335.png,B1652UN
DataTrain336.png,B1280QO
DataTrain337.png,B1029GKI
DataTrain338.png,B1339UJP
DataTrain339.png,B1713MT
DataTrain340.png,B1242VMC
DataTrain341.png,B1913TIS
DataTrain342.png,B1887KRS
DataTrain343.png,B1058WYD
DataTrain344.png,B1040UN
DataTrain345.png,AA1248MB
DataTrain346.png,B1707RFS
DataTrain347.png,B1673UZG
DataTrain348.png,B1654RFS
DataTrain349.png,B1868LK
DataTrain350.png,B1110WW
DataTrain351.png,B1063SJQ
DataTrain352.png,B1093FIB
DataTrain353.png,AB1449KB
DataTrain354.png,B1930TKI
DataTrain355.png,AG1855VX
DataTrain356.png,B1642SZL
DataTrain357.png,B1571SMD
DataTrain358.png,B1089VD
DataTrain359.png,B1MAM
DataTrain360.png,B1487VD
DataTrain361.png,B19EDY
DataTrain362.png,AD1164HU
DataTrain363.png,B090VD
DataTrain364.png,B1593TZH
DataTrain365.png,B1921UJQ
DataTrain366.png,B1073QO
DataTrain367.png,B1713
DataTrain368.png,AG4134XR
DataTrain369.png,B1439TJY
DataTrain370.png,AA4792SN
DataTrain371.png,B1213NVK
DataTrain372.png,B1770TKL
DataTrain373.png,B1969SJD
DataTrain374.png,B1412RFJ
DataTrain375.png,AB6401RI
DataTrain376.png,B1458TBD
DataTrain377.png,B1652UN
DataTrain378.png,B1732SMJ
DataTrain379.png,A6973MS
DataTrain380.png,B1046HI
DataTrain381.png,B1453ZKB
DataTrain382.png,B1562PI
DataTrain383.png,A8912VX
DataTrain384.png,B1482FRS
DataTrain385.png,B1825KJN
DataTrain386.png,B1743FYP
DataTrain387.png,B1741TJT
DataTrain388.png,B1089VD
DataTrain389.png,B1169SJE
DataTrain390.png,B188PMJ
DataTrain391.png,B1633BW
DataTrain392.png,AG5140VAA
DataTrain393.png,AD418U
DataTrain394.png,B1484QH
DataTrain395.png,AE9562NJ
DataTrain396.png,B1563UL
DataTrain397.png,AB5537QJ
DataTrain398.png,B1834KMQ
DataTrain399.png,AE7296XA
DataTrain400.png,B1259JUE
DataTrain401.png,B1586WFJ
DataTrain402.png,B1528DR
DataTrain403.png,B1470TLQ
DataTrain404.png,B1112GJ
DataTrain405.png,B1855EYB
DataTrain406.png,B1439TJY
DataTrain407.png,B1873YU
DataTrain408.png,B1736UZX
DataTrain409.png,B1166UUA
DataTrain410.png,B1912RFS
DataTrain411.png,B1063SJQ
DataTrain412.png,B1032PJE
DataTrain413.png,AE7023UP
DataTrain414.png,B1378TYD
DataTrain415.png,B1076Y
DataTrain416.png,B17QO
DataTrain417.png,B1389TJT
DataTrain418.png,B1282TJB
DataTrain419.png,B1970NO
DataTrain420.png,B1774TIT
DataTrain421.png,B1MAM
DataTrain422.png,B1388FOC
DataTrain423.png,B1921TJW
DataTrain424.png,A1565DT
DataTrain425.png,B1755KZI
DataTrain426.png,B1159PQB
DataTrain427.png,AD8746OF
DataTrain428.png,B1752FZI
DataTrain429.png,AB6758ZY
DataTrain430.png,B1276RKA
DataTrain431.png,B1184TJD
DataTrain432.png,AB5915KJ
DataTrain433.png,A9583B
DataTrain434.png,B1634TZJ
DataTrain435.png,B1493QO
DataTrain436.png,B123MBM
DataTrain437.png,B1499UL
DataTrain438.png,B1753UJQ
DataTrain439.png,AD1164HU
DataTrain440.png,B1122HL
DataTrain441.png,AB6620NZ
DataTrain442.png,B1276PVE
DataTrain443.png,B1276TJH
DataTrain444.png,B1794TZF
DataTrain445.png,B1642SZL
DataTrain446.png,B1826UOI
DataTrain447.png,AG7078UI
DataTrain448.png,B1754NYJ
DataTrain449.png,B1855SL0
DataTrain450.png,B1191PJT
DataTrain451.png,B1819UL
DataTrain452.png,B1226TZY
DataTrain453.png,AB2314XY
DataTrain454.png,B1652UN
DataTrain455.png,B1819U
DataTrain456.png,AD8594TU
DataTrain457.png,B19EDY
DataTrain458.png,B128000
DataTrain459.png,B1423KZR
DataTrain460.png,B1684BJN
DataTrain461.png,B1755KZI
DataTrain462.png,AB4331SJ
DataTrain463.png,AB2491TQ
DataTrain464.png,AG815U
DataTrain465.png,B1487
DataTrain466.png,AB2613WC
DataTrain467.png,AB5152KJ
DataTrain468.png,B1125OP
DataTrain469.png,B1920TJM
DataTrain470.png,AG5253PH
DataTrain471.png,B1398TJL
DataTrain472.png,B1057ERC
DataTrain473.png,B1433DVK
DataTrain474.png,B1494TYU
DataTrain475.png,B1953TJW
DataTrain476.png,B1869EOF
DataTrain477.png,AB5701ZJ
DataTrain478.png,B1091PJK
DataTrain479.png,B1830PJK
DataTrain480.png,B1916SJJ
DataTrain481.png,B1021UJB
DataTrain482.png,B1765ERB
DataTrain483.png,B1276RKA
DataTrain484.png,B1864BOM
DataTrain485.png,B1861QH
DataTrain486.png,B1220SOJ
DataTrain487.png,B9749TIS
DataTrain488.png,B1136NJH
DataTrain489.png,AA2950UG
DataTrain490.png,AD8626VD
DataTrain491.png,AD8820CB
DataTrain492.png,B1184SSR
DataTrain493.png,B1212WZ
DataTrain494.png,AB2636ZU
DataTrain495.png,B1717KI
DataTrain496.png,A8763AE
DataTrain497.png,B1961OA
DataTrain498.png,AB3576XY
DataTrain499.png,B1965RO
DataTrain500.png,AD8714QT
DataTrain501.png,B1770TIC
DataTrain502.png,B1977QZ
DataTrain503.png,AD4995CZ
DataTrain504.png,B1568VD
DataTrain505.png,B1732PJH
DataTrain506.png,B1754EZF
DataTrain507.png,B1523NYT
DataTrain508.png,AG956IKI
DataTrain509.png,B1425VOM
DataTrain510.png,B144NTA
DataTrain511.png,B1972RBP
DataTrain512.png,B1739TZI
DataTrain513.png,B13NST
DataTrain514.png,B1404GT
DataTrain515.png,B1231UIR
DataTrain516.png,B1114WZL
DataTrain517.png,AB3887NL
DataTrain518.png,B1969SJD
DataTrain519.png,B1064TFR
DataTrain520.png,B1926WYF
DataTrain521.png,B1980VD
DataTrain522.png,B1487
DataTrain523.png,B1340QO
DataTrain524.png,B1028QO
DataTrain525.png,A9590B
DataTrain526.png,B1946TKN
DataTrain527.png,B1047QO
DataTrain528.png,B1209TJY
DataTrain529.png,B1469TJJ
DataTrain530.png,AD8746OF
DataTrain531.png,B1830DFD
DataTrain532.png,AG7078UI
DataTrain533.png,AB3511OH
DataTrain534.png,B1863WW
DataTrain535.png,B1124SQ
DataTrain536.png,AA3509FN
DataTrain537.png,B1538ELS
DataTrain538.png,AA9080CK
DataTrain539.png,B1643TRO
DataTrain540.png,B1594ULP
DataTrain541.png,AB2154EA
DataTrain542.png,B1877TJV
DataTrain543.png,AB6066MF
DataTrain544.png,B1394SMH
DataTrain545.png,A8127J
DataTrain546.png,B1451UN
DataTrain547.png,B1160RFK
DataTrain548.png,B1225FIS
DataTrain549.png,B1196BKK
DataTrain550.png,AB1170UU
DataTrain551.png,B1248FZN
DataTrain552.png,B1855SLO
DataTrain553.png,B1047QO
DataTrain554.png,B1236QZ
DataTrain555.png,AB6050JB
DataTrain556.png,B1112SFO
DataTrain557.png,B1693EYM
DataTrain558.png,B1358VLP
DataTrain559.png,AB3287UI
DataTrain560.png,B1946VMF
DataTrain561.png,B1185NJA
DataTrain562.png,B1038TZC
DataTrain563.png,B1311UVL
DataTrain564.png,B1939FRA
DataTrain565.png,B1964VD
DataTrain566.png,B1169TJK
DataTrain567.png,B1509FMW
DataTrain568.png,B1157YU
DataTrain569.png,AD1124SD
DataTrain570.png,B1276TJH
DataTrain571.png,B188SIP
DataTrain572.png,AD9019IU
DataTrain573.png,AD2212BK
DataTrain574.png,AB2546LT
DataTrain575.png,B1073QO
DataTrain576.png,B1254TFX
DataTrain577.png,B184HMD
DataTrain578.png,B1278EJ
DataTrain579.png,AB1449DH
DataTrain580.png,B1340UL
DataTrain581.png,B1101KJO
DataTrain582.png,B1324EON
DataTrain583.png,B1763QT
DataTrain584.png,B1059RFS
DataTrain585.png,B1744UN
DataTrain586.png,AB6213QF
DataTrain587.png,B1112GJ
DataTrain588.png,B1776EVE
DataTrain589.png,AD8888KJ
DataTrain590.png,B1830PJK
DataTrain591.png,B1063SJQ
DataTrain592.png,AD9077PR
DataTrain593.png,B19EDY
DataTrain594.png,B1921UJQ
DataTrain595.png,AD8746OF
DataTrain596.png,B1632TJJ
DataTrain597.png,B1330VD
DataTrain598.png,B1545CL
DataTrain599.png,B1774TIT
DataTrain600.png,AA4792SN
DataTrain601.png,B130900
DataTrain602.png,B1229EYO
DataTrain603.png,AA4314HV
DataTrain604.png,B1937WJD
DataTrain605.png,B1033PQN
DataTrain606.png,A9529ZB
DataTrain607.png,AB2765LL
DataTrain608.png,B1691TMU
DataTrain609.png,B1390TMF
DataTrain610.png,AA510LE
DataTrain611.png,B1006UL
DataTrain612.png,B1786UJT
DataTrain613.png,AB5701ZJ
DataTrain614.png,B118GY
DataTrain615.png,B1819UL
DataTrain616.png,A7692KC
DataTrain617.png,B1946TKN
DataTrain618.png,B1439TJY
DataTrain619.png,B1592TJP
DataTrain620.png,B1289QO
DataTrain621.png,B1020SCZ
DataTrain622.png,B1439TJY
DataTrain623.png,AB6094XE
DataTrain624.png,B1160BH
DataTrain625.png,B1626KJM
DataTrain626.png,AB5410YQ
DataTrain627.png,AB7020RA
DataTrain628.png,B1509UN
DataTrain629.png,B1665WJD
DataTrain630.png,B1378EFZ
DataTrain631.png,B1980VD
DataTrain632.png,B1061PJT
DataTrain633.png,B1692EYC
DataTrain634.png,AD418U
DataTrain635.png,B1801TZS
DataTrain636.png,B1568VD
DataTrain637.png,B1430COI
DataTrain638.png,B1050VKK
DataTrain639.png,B1164EMZ
DataTrain640.png,B1470TLO
DataTrain641.png,B1547UIW
DataTrain642.png,B1879TFO
DataTrain643.png,B1802EOZ
DataTrain644.png,B1NTK
DataTrain645.png,B1980VD
DataTrain646.png,B1895WLT
DataTrain647.png,B1159TJF
DataTrain648.png,B1323NYX
DataTrain649.png,B1758KRX
DataTrain650.png,B1100SZO
DataTrain651.png,B1494BJK
DataTrain652.png,B1045WMU
DataTrain653.png,B1794PJG
DataTrain654.png,B1389TJT
DataTrain655.png,B1578SJL
DataTrain656.png,B1128BYT
DataTrain657.png,AB2613WC
DataTrain658.png,B1100SZD
DataTrain659.png,B1260UL
DataTrain660.png,B1074QO
DataTrain661.png,AD6118BFE
DataTrain662.png,B1080PED
DataTrain663.png,B1445TIF
DataTrain664.png,B1508EZE
DataTrain665.png,B1925SYG
DataTrain666.png,B1201QO
DataTrain667.png,AB8861FD
DataTrain668.png,B1073QO
DataTrain669.png,A5822BG
DataTrain670.png,B1578TJI
DataTrain671.png,B1253BAC
DataTrain672.png,B1713M
DataTrain673.png,B1031QO
DataTrain674.png,B1770TKL
DataTrain675.png,B1433UN
DataTrain676.png,B121PQO
DataTrain677.png,B1633BW
DataTrain678.png,AE7296XA
DataTrain679.png,B1672KVF
DataTrain680.png,B1815TJQ
DataTrain681.png,B1690ZKL
DataTrain682.png,B1252NZD
DataTrain683.png,B15MAH
DataTrain684.png,AB3351ZU
DataTrain685.png,B1560UN
DataTrain686.png,B1670TLR
DataTrain687.png,B1833TVG
DataTrain688.png,B1486RFS
DataTrain689.png,B1229EYO
DataTrain690.png,AB1195FX
DataTrain691.png,B1820UL
DataTrain692.png,AG8548EH
DataTrain693.png,B1102PZW
DataTrain694.png,B1682SJI
DataTrain695.png,AB4131ME
DataTrain696.png,B1963TFU
DataTrain697.png,A9529ZB
DataTrain698.png,B1058YEB
DataTrain699.png,B1658YU
DataTrain700.png,B1532NKY
DataTrain701.png,A7693KC
DataTrain702.png,B1408RX
DataTrain703.png,B1326TMS
DataTrain704.png,B1322BFD
DataTrain705.png,B1559UN
DataTrain706.png,B1339UL
DataTrain707.png,B1152ZLQ
DataTrain708.png,B1239TJP
DataTrain709.png,AB4150KE
DataTrain710.png,A9583B
DataTrain711.png,B1672KVF
DataTrain712.png,B1339RFD
DataTrain713.png,B1767TJR
DataTrain714.png,B178QO
DataTrain715.png,AB6019KK
DataTrain716.png,B1603BVK
DataTrain717.png,AD6259QQ
DataTrain718.png,B1817UL
DataTrain719.png,B1457TJI
DataTrain720.png,B1509POQ
DataTrain721.png,B1739TZI
DataTrain722.png,B1658KRF
DataTrain723.png,B1358VLP
DataTrain724.png,B1036EYB
DataTrain725.png,B017QO
DataTrain726.png,B1310EMS
DataTrain727.png,B1642TRW
DataTrain728.png,B1543VOS
DataTrain729.png,B1310SZL
DataTrain730.png,B1312SJO
DataTrain731.png,AD9112BZ
DataTrain732.png,B1047QO
DataTrain733.png,B1877TJV
DataTrain734.png,B1641VOR
DataTrain735.png,B1641KOT
DataTrain736.png,B1392TJV
DataTrain737.png,B1646EYO
DataTrain738.png,AB2231AT
DataTrain739.png,AD1558BN
DataTrain740.png,B1336PIZ
DataTrain741.png,B1860KQ
DataTrain742.png,B1690ZKL
DataTrain743.png,B1502UN
DataTrain744.png,B1757VKB
DataTrain745.png,B1038TZC
DataTrain746.png,B1614TJR
DataTrain747.png,AB6506CD
DataTrain748.png,AB6315SE
DataTrain749.png,B1278EJ
DataTrain750.png,AF1235FQ
DataTrain751.png,B1047QO
DataTrain752.png,B1977QZ
DataTrain753.png,B1481UJV
DataTrain754.png,B1076Y
DataTrain755.png,B1210DFO
DataTrain756.png,B1361TJS
DataTrain757.png,B1975FEA
DataTrain758.png,B1682PJN
DataTrain759.png,B1770TKL
DataTrain760.png,B13NST
DataTrain761.png,B1305UL
DataTrain762.png,AG5836RBV
DataTrain763.png,AD9077PR
DataTrain764.png,B1817UL
DataTrain765.png,B1502SYQ
DataTrain766.png,B1330NK
DataTrain767.png,B1877TJV
DataTrain768.png,B1738VFV
DataTrain769.png,AD9112BZ
DataTrain770.png,AB6018HU
DataTrain771.png,B1330NK
DataTrain772.png,B1719BYN
DataTrain773.png,AB1861XN
DataTrain774.png,A8014VA
DataTrain775.png,B1274BJB
DataTrain776.png,B1963TFU
DataTrain777.png,B1674TJK
DataTrain778.png,B1690BAC
DataTrain779.png,B1964VD
DataTrain780.png,B16BW
DataTrain781.png,A7703KC
DataTrain782.png,B1160RFK
DataTrain783.png,B1512NRN
DataTrain784.png,B1538ELS
DataTrain785.png,A1398BC
DataTrain786.png,B1559UN
DataTrain787.png,B1913TIS
DataTrain788.png,B1619UL
DataTrain789.png,AB1164PU
DataTrain790.png,AB1473RI
DataTrain791.png,B1802EOZ
DataTrain792.png,A8815VX
DataTrain793.png,B1187FJH
DataTrain794.png,AB1364AN
DataTrain795.png,B1269MA
DataTrain796.png,B1677EJC
DataTrain797.png,B1743VO
DataTrain798.png,AD1416YD
DataTrain799.png,AB5419TN
DataTrain800.png,AB6315SE